{"5d3b46f2-96c0-4cd8-bb0f-9d3a76b96114": {"dme_type_definition": {"dme_type_id": {"namespace": "com.example", "name": "temperature_sensor", "version": "1.0"}, "metadata": {"data_category": ["sensor_data", "logs"], "rat": ["environmental", "system"]}, "data_production_schema": null, "data_delivery_schemas": [{"type": "JSON_SCHEMA", "delivery_schema_id": "deliverySchemaId", "schema": "schema"}], "data_delivery_mechanisms": [{"data_delivery_method": "kafka", "kafka_delivery_configuration": {"num_partitions": 3, "clean_up_policy": "delete", "compression_type": "snappy", "retention_bytes": 10485760, "retention_ms": 86400000}}, {"data_delivery_method": "mqtt", "kafka_delivery_configuration": null}]}, "constraints": {"max_connections": 100, "min_quality": "high"}, "data_access_endpoint": {"ipv4_addr": "192.168.1.1", "ipv6_addr": "2001:0db8:85a3:0000:0000:8a2e:0370:7334", "fqdn": "api.example.com", "port": 39072, "api_prefix": "/v1/data", "security_methods": ["PSK", "OAuth2"], "grant_types": ["CLIENT_CREDENTIALS", "AUTHORIZATION_CODE"]}, "data_delivery_modes": ["ONE_TIME", "CONTINUOUS"]}, "3a4d42bd-7b3b-4b5c-a217-703fae0ab7ae": {"dme_type_definition": {"dme_type_id": {"namespace": "com.example", "name": "temperature_sensor", "version": "1.0"}, "metadata": {"data_category": ["sensor_data", "logs"], "rat": ["environmental", "system"]}, "data_production_schema": null, "data_delivery_schemas": [{"type": "JSON_SCHEMA", "delivery_schema_id": "deliverySchemaId", "schema": "schema"}], "data_delivery_mechanisms": [{"data_delivery_method": "kafka", "kafka_delivery_configuration": {"num_partitions": 3, "clean_up_policy": "delete", "compression_type": "snappy", "retention_bytes": 10485760, "retention_ms": 86400000}}, {"data_delivery_method": "mqtt", "kafka_delivery_configuration": null}]}, "constraints": {"max_connections": 100, "min_quality": "high"}, "data_access_endpoint": {"ipv4_addr": "192.168.1.1", "ipv6_addr": "2001:0db8:85a3:0000:0000:8a2e:0370:7334", "fqdn": "api.example.com", "port": 39072, "api_prefix": "/v1/data", "security_methods": ["PSK", "OAuth2"], "grant_types": ["CLIENT_CREDENTIALS", "AUTHORIZATION_CODE"]}, "data_delivery_modes": ["ONE_TIME", "CONTINUOUS"]}, "92dd1610-2b53-4e8a-ac9d-76cb7a857ea1": {"dme_type_definition": {"dme_type_id": {"namespace": "com.example", "name": "temperature_sensor", "version": "1.0"}, "metadata": {"data_category": ["sensor_data", "logs"], "rat": ["environmental", "system"]}, "data_production_schema": null, "data_delivery_schemas": [{"type": "JSON_SCHEMA", "delivery_schema_id": "deliverySchemaId", "schema": "schema"}], "data_delivery_mechanisms": [{"data_delivery_method": "kafka", "kafka_delivery_configuration": {"num_partitions": 3, "clean_up_policy": "delete", "compression_type": "snappy", "retention_bytes": 10485760, "retention_ms": 86400000}}, {"data_delivery_method": "mqtt", "kafka_delivery_configuration": null}]}, "constraints": {"max_connections": 100, "min_quality": "high"}, "data_access_endpoint": {"ipv4_addr": "192.168.1.1", "ipv6_addr": "2001:0db8:85a3:0000:0000:8a2e:0370:7334", "fqdn": "api.example.com", "port": 39072, "api_prefix": "/v1/data", "security_methods": ["PSK", "OAuth2"], "grant_types": ["CLIENT_CREDENTIALS", "AUTHORIZATION_CODE"]}, "data_delivery_modes": ["ONE_TIME", "CONTINUOUS"]}, "1b80e15c-d713-43a7-a5f4-f940d58159d9": {"dme_type_definition": {"dme_type_id": {"namespace": "com.example", "name": "temperature_sensor", "version": "1.0"}, "metadata": {"data_category": ["sensor_data", "logs"], "rat": ["environmental", "system"]}, "data_production_schema": null, "data_delivery_schemas": [{"type": "JSON_SCHEMA", "delivery_schema_id": "deliverySchemaId", "schema": "schema"}], "data_delivery_mechanisms": [{"data_delivery_method": "kafka", "kafka_delivery_configuration": {"num_partitions": 3, "clean_up_policy": "delete", "compression_type": "snappy", "retention_bytes": 10485760, "retention_ms": 86400000}}, {"data_delivery_method": "mqtt", "kafka_delivery_configuration": null}]}, "constraints": {"max_connections": 100, "min_quality": "high"}, "data_access_endpoint": {"ipv4_addr": "192.168.1.1", "ipv6_addr": "2001:0db8:85a3:0000:0000:8a2e:0370:7334", "fqdn": "api.example.com", "port": 39072, "api_prefix": "/v1/data", "security_methods": ["PSK", "OAuth2"], "grant_types": ["CLIENT_CREDENTIALS", "AUTHORIZATION_CODE"]}, "data_delivery_modes": ["ONE_TIME", "CONTINUOUS"]}, "67aca111-9d8a-4212-bfc5-3a02b3711f4f": {"dme_type_definition": {"dme_type_id": {"namespace": "com.example", "name": "temperature_sensor", "version": "1.0"}, "metadata": {"data_category": ["sensor_data", "logs"], "rat": ["environmental", "system"]}, "data_production_schema": null, "data_delivery_schemas": [{"type": "JSON_SCHEMA", "delivery_schema_id": "deliverySchemaId", "schema": "schema"}], "data_delivery_mechanisms": [{"data_delivery_method": "kafka", "kafka_delivery_configuration": {"num_partitions": 3, "clean_up_policy": "delete", "compression_type": "snappy", "retention_bytes": 10485760, "retention_ms": 86400000}}, {"data_delivery_method": "mqtt", "kafka_delivery_configuration": null}]}, "constraints": {"max_connections": 100, "min_quality": "high"}, "data_access_endpoint": {"ipv4_addr": "192.168.1.1", "ipv6_addr": "2001:0db8:85a3:0000:0000:8a2e:0370:7334", "fqdn": "api.example.com", "port": 39072, "api_prefix": "/v1/data", "security_methods": ["PSK", "OAuth2"], "grant_types": ["CLIENT_CREDENTIALS", "AUTHORIZATION_CODE"]}, "data_delivery_modes": ["ONE_TIME", "CONTINUOUS"]}, "0c0c90df-0d79-46f2-bd54-846a63cab200": {"dme_type_definition": {"dme_type_id": {"namespace": "com.example", "name": "temperature_sensor", "version": "1.0"}, "metadata": {"data_category": ["sensor_data", "logs"], "rat": ["environmental", "system"]}, "data_production_schema": null, "data_delivery_schemas": [{"type": "JSON_SCHEMA", "delivery_schema_id": "deliverySchemaId", "schema": "schema"}], "data_delivery_mechanisms": [{"data_delivery_method": "kafka", "kafka_delivery_configuration": {"num_partitions": 3, "clean_up_policy": "delete", "compression_type": "snappy", "retention_bytes": 10485760, "retention_ms": 86400000}}, {"data_delivery_method": "mqtt", "kafka_delivery_configuration": null}]}, "constraints": {"max_connections": 100, "min_quality": "high"}, "data_access_endpoint": {"ipv4_addr": "192.168.1.1", "ipv6_addr": "2001:0db8:85a3:0000:0000:8a2e:0370:7334", "fqdn": "api.example.com", "port": 39072, "api_prefix": "/v1/data", "security_methods": ["PSK", "OAuth2"], "grant_types": ["CLIENT_CREDENTIALS", "AUTHORIZATION_CODE"]}, "data_delivery_modes": ["ONE_TIME", "CONTINUOUS"]}, "01b1e136-1ca4-4af1-afad-6ec767d96e44": {"dme_type_definition": {"dme_type_id": {"namespace": "com.example", "name": "temperature_sensor", "version": "1.0"}, "metadata": {"data_category": ["sensor_data", "logs"], "rat": ["environmental", "system"]}, "data_production_schema": null, "data_delivery_schemas": [{"type": "JSON_SCHEMA", "delivery_schema_id": "deliverySchemaId", "schema": "schema"}], "data_delivery_mechanisms": [{"data_delivery_method": "kafka", "kafka_delivery_configuration": {"num_partitions": 3, "clean_up_policy": "delete", "compression_type": "snappy", "retention_bytes": 10485760, "retention_ms": 86400000}}, {"data_delivery_method": "mqtt", "kafka_delivery_configuration": null}]}, "constraints": {"max_connections": 100, "min_quality": "high"}, "data_access_endpoint": {"ipv4_addr": "192.168.1.1", "ipv6_addr": "2001:0db8:85a3:0000:0000:8a2e:0370:7334", "fqdn": "api.example.com", "port": 39072, "api_prefix": "/v1/data", "security_methods": ["PSK", "OAuth2"], "grant_types": ["CLIENT_CREDENTIALS", "AUTHORIZATION_CODE"]}, "data_delivery_modes": ["ONE_TIME", "CONTINUOUS"]}, "fa86e850-0b4b-41de-8af8-77561b2c2486": {"dme_type_definition": {"dme_type_id": {"namespace": "com.example", "name": "temperature_sensor", "version": "1.0"}, "metadata": {"data_category": ["sensor_data", "logs"], "rat": ["environmental", "system"]}, "data_production_schema": null, "data_delivery_schemas": [{"type": "JSON_SCHEMA", "delivery_schema_id": "deliverySchemaId", "schema": "schema"}], "data_delivery_mechanisms": [{"data_delivery_method": "kafka", "kafka_delivery_configuration": {"num_partitions": 3, "clean_up_policy": "delete", "compression_type": "snappy", "retention_bytes": 10485760, "retention_ms": 86400000}}, {"data_delivery_method": "mqtt", "kafka_delivery_configuration": null}]}, "constraints": {"max_connections": 100, "min_quality": "high"}, "data_access_endpoint": {"ipv4_addr": "192.168.1.1", "ipv6_addr": "2001:0db8:85a3:0000:0000:8a2e:0370:7334", "fqdn": "api.example.com", "port": 39072, "api_prefix": "/v1/data", "security_methods": ["PSK", "OAuth2"], "grant_types": ["CLIENT_CREDENTIALS", "AUTHORIZATION_CODE"]}, "data_delivery_modes": ["ONE_TIME", "CONTINUOUS"]}, "26eb7fb0-dd25-41fa-aea6-63bbcdfe1e34": {"dme_type_definition": {"dme_type_id": {"namespace": "com.example", "name": "temperature_sensor", "version": "1.0"}, "metadata": {"data_category": ["sensor_data", "logs"], "rat": ["environmental", "system"]}, "data_production_schema": null, "data_delivery_schemas": [{"type": "JSON_SCHEMA", "delivery_schema_id": "deliverySchemaId", "schema": "schema"}], "data_delivery_mechanisms": [{"data_delivery_method": "kafka", "kafka_delivery_configuration": {"num_partitions": 3, "clean_up_policy": "delete", "compression_type": "snappy", "retention_bytes": 10485760, "retention_ms": 86400000}}, {"data_delivery_method": "mqtt", "kafka_delivery_configuration": null}]}, "constraints": {"max_connections": 100, "min_quality": "high"}, "data_access_endpoint": {"ipv4_addr": "192.168.1.1", "ipv6_addr": "2001:0db8:85a3:0000:0000:8a2e:0370:7334", "fqdn": "api.example.com", "port": 39072, "api_prefix": "/v1/data", "security_methods": ["PSK", "OAuth2"], "grant_types": ["CLIENT_CREDENTIALS", "AUTHORIZATION_CODE"]}, "data_delivery_modes": ["ONE_TIME", "CONTINUOUS"]}, "98b4dc76-50bd-490b-99c7-4da4557eacdc": {"dme_type_definition": {"dme_type_id": {"namespace": "com.example", "name": "temperature_sensor", "version": "1.0"}, "metadata": {"data_category": ["sensor_data", "logs"], "rat": ["environmental", "system"]}, "data_production_schema": null, "data_delivery_schemas": [{"type": "JSON_SCHEMA", "delivery_schema_id": "deliverySchemaId", "schema": "schema"}], "data_delivery_mechanisms": [{"data_delivery_method": "kafka", "kafka_delivery_configuration": {"num_partitions": 3, "clean_up_policy": "delete", "compression_type": "snappy", "retention_bytes": 10485760, "retention_ms": 86400000}}, {"data_delivery_method": "mqtt", "kafka_delivery_configuration": null}]}, "constraints": {"max_connections": 100, "min_quality": "high"}, "data_access_endpoint": {"ipv4_addr": "192.168.1.1", "ipv6_addr": "2001:0db8:85a3:0000:0000:8a2e:0370:7334", "fqdn": "api.example.com", "port": 39072, "api_prefix": "/v1/data", "security_methods": ["PSK", "OAuth2"], "grant_types": ["CLIENT_CREDENTIALS", "AUTHORIZATION_CODE"]}, "data_delivery_modes": ["ONE_TIME", "CONTINUOUS"]}, "a838802a-0970-487e-9d92-e3705a383c01": {"dme_type_definition": {"dme_type_id": {"namespace": "com.example", "name": "temperature_sensor", "version": "1.0"}, "metadata": {"data_category": ["sensor_data", "logs"], "rat": ["environmental", "system"]}, "data_production_schema": null, "data_delivery_schemas": [{"type": "JSON_SCHEMA", "delivery_schema_id": "deliverySchemaId", "schema": "schema"}], "data_delivery_mechanisms": [{"data_delivery_method": "kafka", "kafka_delivery_configuration": {"num_partitions": 3, "clean_up_policy": "delete", "compression_type": "snappy", "retention_bytes": 10485760, "retention_ms": 86400000}}, {"data_delivery_method": "mqtt", "kafka_delivery_configuration": null}]}, "constraints": {"max_connections": 100, "min_quality": "high"}, "data_access_endpoint": {"ipv4_addr": "192.168.1.1", "ipv6_addr": "2001:0db8:85a3:0000:0000:8a2e:0370:7334", "fqdn": "api.example.com", "port": 39072, "api_prefix": "/v1/data", "security_methods": ["PSK", "OAuth2"], "grant_types": ["CLIENT_CREDENTIALS", "AUTHORIZATION_CODE"]}, "data_delivery_modes": ["ONE_TIME", "CONTINUOUS"]}, "dd9b2127-e6d3-4754-a2a6-91d69b054b30": {"dme_type_definition": {"dme_type_id": {"namespace": "com.example", "name": "temperature_sensor", "version": "1.0"}, "metadata": {"data_category": ["sensor_data", "logs"], "rat": ["hello", "system"]}, "data_production_schema": null, "data_delivery_schemas": [{"type": "JSON_SCHEMA", "delivery_schema_id": "deliverySchemaId", "schema": "schema"}], "data_delivery_mechanisms": [{"data_delivery_method": "kafka", "kafka_delivery_configuration": {"num_partitions": 3, "clean_up_policy": "delete", "compression_type": "snappy", "retention_bytes": 10485760, "retention_ms": 86400000}}, {"data_delivery_method": "mqtt", "kafka_delivery_configuration": null}]}, "constraints": {"max_connections": 100, "min_quality": "high"}, "data_access_endpoint": {"ipv4_addr": "192.168.1.1", "ipv6_addr": "2001:0db8:85a3:0000:0000:8a2e:0370:7334", "fqdn": "api.example.com", "port": 39072, "api_prefix": "/v1/data", "security_methods": ["PSK", "OAuth2"], "grant_types": ["CLIENT_CREDENTIALS", "AUTHORIZATION_CODE"]}, "data_delivery_modes": ["ONE_TIME", "CONTINUOUS"]}, "97256ad7-af72-4fe2-8b44-6f6311179be4": {"dme_type_definition": {"dme_type_id": {"namespace": "com.example", "name": "temperature_sensor", "version": "1.0"}, "metadata": {"data_category": ["sensor_data", "logs"], "rat": ["hello", "system"]}, "data_production_schema": null, "data_delivery_schemas": [{"type": "JSON_SCHEMA", "delivery_schema_id": "deliverySchemaId", "schema": "schema"}], "data_delivery_mechanisms": [{"data_delivery_method": "kafka", "kafka_delivery_configuration": {"num_partitions": 3, "clean_up_policy": "delete", "compression_type": "snappy", "retention_bytes": 10485760, "retention_ms": 86400000}}, {"data_delivery_method": "mqtt", "kafka_delivery_configuration": null}]}, "constraints": {"max_connections": 100, "min_quality": "high"}, "data_access_endpoint": {"ipv4_addr": "192.168.1.1", "ipv6_addr": "2001:0db8:85a3:0000:0000:8a2e:0370:7334", "fqdn": "api.example.com", "port": 39072, "api_prefix": "/v1/data", "security_methods": ["PSK", "OAuth2"], "grant_types": ["CLIENT_CREDENTIALS", "AUTHORIZATION_CODE"]}, "data_delivery_modes": ["ONE_TIME", "CONTINUOUS"]}, "174ad906-dabc-44c2-9755-ab744a5a0fe5": {"dme_type_definition": {"dme_type_id": {"namespace": "com.example", "name": "temperature_sensor", "version": "1.0"}, "metadata": {"data_category": ["sensor_data", "logs"], "rat": ["environmental", "system"]}, "data_production_schema": null, "data_delivery_schemas": [{"type": "JSON_SCHEMA", "delivery_schema_id": "deliverySchemaId", "schema": "schema"}], "data_delivery_mechanisms": [{"data_delivery_method": "kafka", "kafka_delivery_configuration": {"num_partitions": 3, "clean_up_policy": "delete", "compression_type": "snappy", "retention_bytes": 10485760, "retention_ms": 86400000}}, {"data_delivery_method": "mqtt", "kafka_delivery_configuration": null}]}, "constraints": {"max_connections": 100, "min_quality": "high"}, "data_access_endpoint": {"ipv4_addr": "192.168.1.1", "ipv6_addr": "2001:0db8:85a3:0000:0000:8a2e:0370:7334", "fqdn": "api.example.com", "port": 39072, "api_prefix": "/v1/data", "security_methods": ["PSK", "OAuth2"], "grant_types": ["CLIENT_CREDENTIALS", "AUTHORIZATION_CODE"]}, "data_delivery_modes": ["ONE_TIME", "CONTINUOUS"]}, "aa9cf7de-d62f-4c86-8c91-c69132e6af7e": {"dme_type_definition": {"dme_type_id": {"namespace": "com.example", "name": "temperature_sensor", "version": "1.0"}, "metadata": {"data_category": ["sensor_data", "logs"], "rat": ["environmental", "system"]}, "data_production_schema": null, "data_delivery_schemas": [{"type": "JSON_SCHEMA", "delivery_schema_id": "deliverySchemaId", "schema": "schema"}], "data_delivery_mechanisms": [{"data_delivery_method": "kafka", "kafka_delivery_configuration": {"num_partitions": 3, "clean_up_policy": "delete", "compression_type": "snappy", "retention_bytes": 10485760, "retention_ms": 86400000}}, {"data_delivery_method": "mqtt", "kafka_delivery_configuration": null}]}, "constraints": {"max_connections": 100, "min_quality": "high"}, "data_access_endpoint": {"ipv4_addr": "192.168.1.1", "ipv6_addr": "2001:0db8:85a3:0000:0000:8a2e:0370:7334", "fqdn": "api.example.com", "port": 39072, "api_prefix": "/v1/data", "security_methods": ["PSK", "OAuth2"], "grant_types": ["CLIENT_CREDENTIALS", "AUTHORIZATION_CODE"]}, "data_delivery_modes": ["ONE_TIME", "CONTINUOUS"]}, "8408ac49-2ba8-42f2-bbe8-6a7f9a8d3119": {"dme_type_definition": {"dme_type_id": {"namespace": "com.example", "name": "temperature_sensor", "version": "1.0"}, "metadata": {"data_category": ["sensor_data", "logs"], "rat": ["environmental", "system"]}, "data_production_schema": null, "data_delivery_schemas": [{"type": "JSON_SCHEMA", "delivery_schema_id": "deliverySchemaId", "schema": "schema"}], "data_delivery_mechanisms": [{"data_delivery_method": "kafka", "kafka_delivery_configuration": {"num_partitions": 3, "clean_up_policy": "delete", "compression_type": "snappy", "retention_bytes": 10485760, "retention_ms": 86400000}}, {"data_delivery_method": "mqtt", "kafka_delivery_configuration": null}]}, "constraints": {"max_connections": 100, "min_quality": "high"}, "data_access_endpoint": {"ipv4_addr": "192.168.1.1", "ipv6_addr": "2001:0db8:85a3:0000:0000:8a2e:0370:7334", "fqdn": "api.example.com", "port": 39072, "api_prefix": "/v1/data", "security_methods": ["PSK", "OAuth2"], "grant_types": ["CLIENT_CREDENTIALS", "AUTHORIZATION_CODE"]}, "data_delivery_modes": ["ONE_TIME", "CONTINUOUS"]}, "24576c1f-06d7-4f97-b8d8-0abfb9c05f14": {"dme_type_definition": {"dme_type_id": {"namespace": "com.example", "name": "temperature_sensor", "version": "1.0"}, "metadata": {"data_category": ["sensor_data", "logs"], "rat": ["environmental", "system"]}, "data_production_schema": null, "data_delivery_schemas": [{"type": "JSON_SCHEMA", "delivery_schema_id": "deliverySchemaId", "schema": "schema"}], "data_delivery_mechanisms": [{"data_delivery_method": "kafka", "kafka_delivery_configuration": {"num_partitions": 3, "clean_up_policy": "delete", "compression_type": "snappy", "retention_bytes": 10485760, "retention_ms": 86400000}}, {"data_delivery_method": "mqtt", "kafka_delivery_configuration": null}]}, "constraints": {"max_connections": 100, "min_quality": "high"}, "data_access_endpoint": {"ipv4_addr": "192.168.1.1", "ipv6_addr": "2001:0db8:85a3:0000:0000:8a2e:0370:7334", "fqdn": "api.example.com", "port": 39072, "api_prefix": "/v1/data", "security_methods": ["PSK", "OAuth2"], "grant_types": ["CLIENT_CREDENTIALS", "AUTHORIZATION_CODE"]}, "data_delivery_modes": ["ONE_TIME", "CONTINUOUS"]}, "46214d19-2b8a-4f59-9a44-b200a8a2d0e6": {"dme_type_definition": {"dme_type_id": {"namespace": "com.example", "name": "temperature_sensor", "version": "1.0"}, "metadata": {"data_category": ["sensor_data", "logs"], "rat": ["environmental", "system"]}, "data_production_schema": null, "data_delivery_schemas": [{"type": "JSON_SCHEMA", "delivery_schema_id": "deliverySchemaId", "schema": "schema"}], "data_delivery_mechanisms": [{"data_delivery_method": "kafka", "kafka_delivery_configuration": {"num_partitions": 3, "clean_up_policy": "delete", "compression_type": "snappy", "retention_bytes": 10485760, "retention_ms": 86400000}}, {"data_delivery_method": "mqtt", "kafka_delivery_configuration": null}]}, "constraints": {"max_connections": 100, "min_quality": "high"}, "data_access_endpoint": {"ipv4_addr": "192.168.1.1", "ipv6_addr": "2001:0db8:85a3:0000:0000:8a2e:0370:7334", "fqdn": "api.example.com", "port": 39072, "api_prefix": "/v1/data", "security_methods": ["PSK", "OAuth2"], "grant_types": ["CLIENT_CREDENTIALS", "AUTHORIZATION_CODE"]}, "data_delivery_modes": ["ONE_TIME", "CONTINUOUS"]}, "0fc43f72-0ae4-4620-a719-0fb5c1b85c87": {"dme_type_definition": {"dme_type_id": {"namespace": "localhost", "name": "temperature_sensor", "version": "1.0"}, "metadata": {"data_category": ["sensor_data", "logs"], "rat": ["environmental", "system"]}, "data_production_schema": null, "data_delivery_schemas": [{"type": "JSON_SCHEMA", "delivery_schema_id": "deliverySchemaId", "schema": "schema"}], "data_delivery_mechanisms": [{"data_delivery_method": "kafka", "kafka_delivery_configuration": {"num_partitions": 3, "clean_up_policy": "delete", "compression_type": "snappy", "retention_bytes": 10485760, "retention_ms": 86400000}}, {"data_delivery_method": "mqtt", "kafka_delivery_configuration": null}]}, "constraints": {"max_connections": 100, "min_quality": "high"}, "data_access_endpoint": {"ipv4_addr": "192.168.1.1", "ipv6_addr": "2001:0db8:85a3:0000:0000:8a2e:0370:7334", "fqdn": "api.example.com", "port": 39072, "api_prefix": "/v1/data", "security_methods": ["PSK", "OAuth2"], "grant_types": ["CLIENT_CREDENTIALS", "AUTHORIZATION_CODE"]}, "data_delivery_modes": ["ONE_TIME", "CONTINUOUS"], "dmeTypeDefinition": {"metadata": {"rat": ["environmental", "system"], "dataCategory": ["ssadasdsadasdsad", "logs"]}, "dataDeliveryMechanisms": [{"dataDeliveryMethod": "kafka", "kafkaDeliveryConfiguration": {"retentionMs": 86400000, "retentionBytes": 10485760, "cleanUpPolicy": "delete", "numPartitions": 3, "compressionType": "snappy"}}, {"dataDeliveryMethod": "mqtt", "mqttDeliveryConfiguration": {"retentionMs": 86400000, "retentionBytes": 10485760, "cleanUpPolicy": "compact", "numPartitions": 1, "compressionType": "gzip"}}], "dmeTypeId": {"namespace": "com.example", "name": "temperature_sensor", "version": "1.0"}, "dataDeliverySchemas": [{"schema": "schema", "deliverySchemaId": "deliverySchemaId", "type": "JSON_SCHEMA"}]}, "dataDeliveryModes": ["ONE_TIME", "CONTINUOUS"], "dataAccessEndpoint": {"ipv6Addr": "2001:0db8:85a3:0000:0000:8a2e:0370:7334", "grantTypes": ["CLIENT_CREDENTIALS", "AUTHORIZATION_CODE"], "securityMethods": ["naknak", "OAuth2"], "fqdn": "api.nak.com", "port": 39072, "apiPrefix": "/v1/data", "ipv4Addr": "192.168.1.1"}, "registrationId": "a81b971"}, "a1013b4a-5cf8-40d7-b12f-bea5bff16f22": {"dme_type_definition": {"dme_type_id": {"namespace": "localhost", "name": "temperature_sensor", "version": "1.0"}, "metadata": {"data_category": ["sensor_data", "logs"], "rat": ["environmental", "system"]}, "data_production_schema": null, "data_delivery_schemas": [{"type": "JSON_SCHEMA", "delivery_schema_id": "deliverySchemaId", "schema": "schema"}], "data_delivery_mechanisms": [{"data_delivery_method": "kafka", "kafka_delivery_configuration": {"num_partitions": 3, "clean_up_policy": "delete", "compression_type": "snappy", "retention_bytes": 10485760, "retention_ms": 86400000}}, {"data_delivery_method": "mqtt", "kafka_delivery_configuration": null}]}, "constraints": {"max_connections": 100, "min_quality": "high"}, "data_access_endpoint": {"ipv4_addr": "192.168.1.1", "ipv6_addr": "2001:0db8:85a3:0000:0000:8a2e:0370:7334", "fqdn": "api.example.com", "port": 39072, "api_prefix": "/v1/data", "security_methods": ["PSK", "OAuth2"], "grant_types": ["CLIENT_CREDENTIALS", "AUTHORIZATION_CODE"]}, "data_delivery_modes": ["ONE_TIME", "CONTINUOUS"], "dmeTypeDefinition": {"metadata": {"rat": ["environmental", "system"], "dataCategory": ["ssadasdsadasdsad", "logs"]}, "dataDeliveryMechanisms": [{"dataDeliveryMethod": "kafka", "kafkaDeliveryConfiguration": {"retentionMs": 86400000, "retentionBytes": 10485760, "cleanUpPolicy": "delete", "numPartitions": 3, "compressionType": "snappy"}}, {"dataDeliveryMethod": "mqtt", "mqttDeliveryConfiguration": {"retentionMs": 86400000, "retentionBytes": 10485760, "cleanUpPolicy": "compact", "numPartitions": 1, "compressionType": "gzip"}}], "dmeTypeId": {"namespace": "com.example", "name": "temperature_sensor", "version": "1.0"}, "dataDeliverySchemas": [{"schema": "schema", "deliverySchemaId": "deliverySchemaId", "type": "JSON_SCHEMA"}]}, "dataDeliveryModes": ["ONE_TIME", "CONTINUOUS"], "dataAccessEndpoint": {"ipv6Addr": "2001:0db8:85a3:0000:0000:8a2e:0370:7334", "grantTypes": ["CLIENT_CREDENTIALS", "AUTHORIZATION_CODE"], "securityMethods": ["naknak", "OAuth2"], "fqdn": "api.nak.com", "port": 39072, "apiPrefix": "/v1/data", "ipv4Addr": "192.168.1.1"}, "registrationId": "a81b971"}, "8dc0a29d-f6cc-4e48-a189-f48b54b07f97": {"dme_type_definition": {"dme_type_id": {"namespace": "localhost111", "name": "temperature_sensor", "version": "1.0"}, "metadata": {"data_category": ["sensor_data", "logs"], "rat": ["environmental", "system"]}, "data_production_schema": null, "data_delivery_schemas": [{"type": "JSON_SCHEMA", "delivery_schema_id": "deliverySchemaId", "schema": "schema"}], "data_delivery_mechanisms": [{"data_delivery_method": "kafka", "kafka_delivery_configuration": {"num_partitions": 3, "clean_up_policy": "delete", "compression_type": "snappy", "retention_bytes": 10485760, "retention_ms": 86400000}}, {"data_delivery_method": "mqtt", "kafka_delivery_configuration": null}]}, "constraints": {"max_connections": 100, "min_quality": "high"}, "data_access_endpoint": {"ipv4_addr": "192.168.1.1", "ipv6_addr": "2001:0db8:85a3:0000:0000:8a2e:0370:7334", "fqdn": "api.example.com", "port": 39072, "api_prefix": "/v1/data", "security_methods": ["PSK", "OAuth2"], "grant_types": ["CLIENT_CREDENTIALS", "AUTHORIZATION_CODE"]}, "data_delivery_modes": ["ONE_TIME", "CONTINUOUS"], "dmeTypeDefinition": {"metadata": {"rat": ["environmental", "system"], "dataCategory": ["ssadasdsadasdsad", "logs"]}, "dataDeliveryMechanisms": [{"dataDeliveryMethod": "kafka", "kafkaDeliveryConfiguration": {"retentionMs": 86400000, "retentionBytes": 10485760, "cleanUpPolicy": "delete", "numPartitions": 3, "compressionType": "snappy"}}, {"dataDeliveryMethod": "mqtt", "mqttDeliveryConfiguration": {"retentionMs": 86400000, "retentionBytes": 10485760, "cleanUpPolicy": "compact", "numPartitions": 1, "compressionType": "gzip"}}], "dmeTypeId": {"namespace": "com.example", "name": "temperature_sensor", "version": "1.0"}, "dataDeliverySchemas": [{"schema": "schema", "deliverySchemaId": "deliverySchemaId", "type": "JSON_SCHEMA"}]}, "dataDeliveryModes": ["ONE_TIME", "CONTINUOUS"], "dataAccessEndpoint": {"ipv6Addr": "2001:0db8:85a3:0000:0000:8a2e:0370:7334", "grantTypes": ["CLIENT_CREDENTIALS", "AUTHORIZATION_CODE"], "securityMethods": ["naknak", "OAuth2"], "fqdn": "api.nak.com", "port": 39072, "apiPrefix": "/v1/data", "ipv4Addr": "192.168.1.1"}, "registrationId": "a81b971"}}